name,countryCode,tld,currencyCode,currencyName,currencySymbol,capital,phoneCode,continentName,subRegion,languages,flag
Norway,NO,.no,NOK,Norwegian krone,kr,Oslo,+47,Europe,Northern Europe,"Norwegian Nynorsk, Norwegian Bokmål, Sami",https://flagcdn.com/w320/no.png
Greece,GR,.gr,EUR,Euro,€,Athens,+30,Europe,Southern Europe,Greek,https://flagcdn.com/w320/gr.png
Åland Islands,AX,.ax,EUR,Euro,€,Mariehamn,+35818,Europe,Northern Europe,Swedish,https://flagcdn.com/w320/ax.png
Switzerland,CH,.ch,CHF,Swiss franc,Fr.,Bern,+41,Europe,Western Europe,"French, Swiss German, Italian, Romansh",https://flagcdn.com/w320/ch.png
Croatia,HR,.hr,EUR,Euro,€,Zagreb,+385,Europe,Southeast Europe,Croatian,https://flagcdn.com/w320/hr.png
Iceland,IS,.is,ISK,Icelandic króna,kr,Reykjavik,+354,Europe,Northern Europe,Icelandic,https://flagcdn.com/w320/is.png
Luxembourg,LU,.lu,EUR,Euro,€,Luxembourg,+352,Europe,Western Europe,"German, French, Luxembourgish",https://flagcdn.com/w320/lu.png
Hungary,HU,.hu,HUF,Hungarian forint,Ft,Budapest,+36,Europe,Central Europe,Hungarian,https://flagcdn.com/w320/hu.png
Netherlands,NL,.nl,EUR,Euro,€,Amsterdam,+31,Europe,Western Europe,Dutch,https://flagcdn.com/w320/nl.png
Lithuania,LT,.lt,EUR,Euro,€,Vilnius,+370,Europe,Northern Europe,Lithuanian,https://flagcdn.com/w320/lt.png
Slovakia,SK,.sk,EUR,Euro,€,Bratislava,+421,Europe,Central Europe,Slovak,https://flagcdn.com/w320/sk.png
Liechtenstein,LI,.li,CHF,Swiss franc,Fr,Vaduz,+423,Europe,Western Europe,German,https://flagcdn.com/w320/li.png
Moldova,MD,.md,MDL,Moldovan leu,L,Chișinău,+373,Europe,Eastern Europe,Romanian,https://flagcdn.com/w320/md.png
Italy,IT,.it,EUR,Euro,€,Rome,+39,Europe,Southern Europe,Italian,https://flagcdn.com/w320/it.png
Jersey,JE,.je,"GBP, JEP","British pound, Jersey pound","£, £",Saint Helier,+44,Europe,Northern Europe,"English, French, Jèrriais",https://flagcdn.com/w320/je.png
Monaco,MC,.mc,EUR,Euro,€,Monaco,+377,Europe,Western Europe,French,https://flagcdn.com/w320/mc.png
Belarus,BY,.by,BYN,Belarusian ruble,Br,Minsk,+375,Europe,Eastern Europe,"Belarusian, Russian",https://flagcdn.com/w320/by.png
Latvia,LV,.lv,EUR,Euro,€,Riga,+371,Europe,Northern Europe,Latvian,https://flagcdn.com/w320/lv.png
Andorra,AD,.ad,EUR,Euro,€,Andorra la Vella,+376,Europe,Southern Europe,Catalan,https://flagcdn.com/w320/ad.png
France,FR,.fr,EUR,Euro,€,Paris,+33,Europe,Western Europe,French,https://flagcdn.com/w320/fr.png
Gibraltar,GI,.gi,GIP,Gibraltar pound,£,Gibraltar,+350,Europe,Southern Europe,English,https://flagcdn.com/w320/gi.png
Denmark,DK,.dk,DKK,Danish krone,kr,Copenhagen,+45,Europe,Northern Europe,Danish,https://flagcdn.com/w320/dk.png
North Macedonia,MK,.mk,MKD,denar,den,Skopje,+389,Europe,Southeast Europe,Macedonian,https://flagcdn.com/w320/mk.png
Malta,MT,.mt,EUR,Euro,€,Valletta,+356,Europe,Southern Europe,"English, Maltese",https://flagcdn.com/w320/mt.png
Czechia,CZ,.cz,CZK,Czech koruna,Kč,Prague,+420,Europe,Central Europe,"Czech, Slovak",https://flagcdn.com/w320/cz.png
Guernsey,GG,.gg,"GBP, GGP","British pound, Guernsey pound","£, £",St. Peter Port,+44,Europe,Northern Europe,"English, French, Guernésiais",https://flagcdn.com/w320/gg.png
Kosovo,XK,,EUR,Euro,€,Pristina,+383,Europe,Southeast Europe,"Albanian, Serbian",https://flagcdn.com/w320/xk.png
Svalbard and Jan Mayen,SJ,.sj,NOK,krone,kr,Longyearbyen,+4779,Europe,Northern Europe,Norwegian,https://flagcdn.com/w320/sj.png
Montenegro,ME,.me,EUR,Euro,€,Podgorica,+382,Europe,Southeast Europe,Montenegrin,https://flagcdn.com/w320/me.png
Faroe Islands,FO,.fo,"DKK, FOK","Danish krone, Faroese króna","kr, kr",Tórshavn,+298,Europe,Northern Europe,"Danish, Faroese",https://flagcdn.com/w320/fo.png
Albania,AL,.al,ALL,Albanian lek,L,Tirana,+355,Europe,Southeast Europe,Albanian,https://flagcdn.com/w320/al.png
Serbia,RS,".rs, .срб",RSD,Serbian dinar,дин.,Belgrade,+381,Europe,Southeast Europe,Serbian,https://flagcdn.com/w320/rs.png
Ukraine,UA,".ua, .укр",UAH,Ukrainian hryvnia,₴,Kyiv,+380,Europe,Eastern Europe,Ukrainian,https://flagcdn.com/w320/ua.png
Isle of Man,IM,.im,"GBP, IMP","British pound, Manx pound","£, £",Douglas,+44,Europe,Northern Europe,"English, Manx",https://flagcdn.com/w320/im.png
Estonia,EE,.ee,EUR,Euro,€,Tallinn,+372,Europe,Northern Europe,Estonian,https://flagcdn.com/w320/ee.png
Romania,RO,.ro,RON,Romanian leu,lei,Bucharest,+40,Europe,Southeast Europe,Romanian,https://flagcdn.com/w320/ro.png
Bulgaria,BG,.bg,BGN,Bulgarian lev,лв,Sofia,+359,Europe,Southeast Europe,Bulgarian,https://flagcdn.com/w320/bg.png
Germany,DE,.de,EUR,Euro,€,Berlin,+49,Europe,Western Europe,German,https://flagcdn.com/w320/de.png
Poland,PL,.pl,PLN,Polish złoty,zł,Warsaw,+48,Europe,Central Europe,Polish,https://flagcdn.com/w320/pl.png
United Kingdom,GB,.uk,GBP,British pound,£,London,+44,Europe,Northern Europe,English,https://flagcdn.com/w320/gb.png
Finland,FI,.fi,EUR,Euro,€,Helsinki,+358,Europe,Northern Europe,"Finnish, Swedish",https://flagcdn.com/w320/fi.png
Sweden,SE,.se,SEK,Swedish krona,kr,Stockholm,+46,Europe,Northern Europe,Swedish,https://flagcdn.com/w320/se.png
Vatican City,VA,.va,EUR,Euro,€,Vatican City,+390669879,Europe,Southern Europe,"Italian, Latin",https://flagcdn.com/w320/va.png
Russia,RU,".ru, .su, .рф",RUB,Russian ruble,₽,Moscow,+734589,Europe,Eastern Europe,Russian,https://flagcdn.com/w320/ru.png
Austria,AT,.at,EUR,Euro,€,Vienna,+43,Europe,Central Europe,German,https://flagcdn.com/w320/at.png
Cyprus,CY,.cy,EUR,Euro,€,Nicosia,+357,Europe,Southern Europe,"Greek, Turkish",https://flagcdn.com/w320/cy.png
Portugal,PT,.pt,EUR,Euro,€,Lisbon,+351,Europe,Southern Europe,Portuguese,https://flagcdn.com/w320/pt.png
Bosnia and Herzegovina,BA,.ba,BAM,Bosnia and Herzegovina convertible mark,KM,Sarajevo,+387,Europe,Southeast Europe,"Bosnian, Croatian, Serbian",https://flagcdn.com/w320/ba.png
Belgium,BE,.be,EUR,Euro,€,Brussels,+32,Europe,Western Europe,"German, French, Dutch",https://flagcdn.com/w320/be.png
Spain,ES,.es,EUR,Euro,€,Madrid,+34,Europe,Southern Europe,"Spanish, Catalan, Basque, Galician",https://flagcdn.com/w320/es.png
Slovenia,SI,.si,EUR,Euro,€,Ljubljana,+386,Europe,Central Europe,Slovene,https://flagcdn.com/w320/si.png
San Marino,SM,.sm,EUR,Euro,€,City of San Marino,+378,Europe,Southern Europe,Italian,https://flagcdn.com/w320/sm.png
Ireland,IE,.ie,EUR,Euro,€,Dublin,+353,Europe,Northern Europe,"English, Irish",https://flagcdn.com/w320/ie.png
Lesotho,LS,.ls,"LSL, ZAR","Lesotho loti, South African rand","L, R",Maseru,+266,Africa,Southern Africa,"English, Sotho",https://flagcdn.com/w320/ls.png
Central African Republic,CF,.cf,XAF,Central African CFA franc,Fr,Bangui,+236,Africa,Middle Africa,"French, Sango",https://flagcdn.com/w320/cf.png
Morocco,MA,".ma, المغرب.",MAD,Moroccan dirham,د.م.,Rabat,+212,Africa,Northern Africa,"Arabic, Berber",https://flagcdn.com/w320/ma.png
Sierra Leone,SL,.sl,SLL,Sierra Leonean leone,Le,Freetown,+232,Africa,Western Africa,English,https://flagcdn.com/w320/sl.png
Burkina Faso,BF,.bf,XOF,West African CFA franc,Fr,Ouagadougou,+226,Africa,Western Africa,French,https://flagcdn.com/w320/bf.png
Eritrea,ER,.er,ERN,Eritrean nakfa,Nfk,Asmara,+291,Africa,Eastern Africa,"Arabic, English, Tigrinya",https://flagcdn.com/w320/er.png
Tanzania,TZ,.tz,TZS,Tanzanian shilling,Sh,Dodoma,+255,Africa,Eastern Africa,"English, Swahili",https://flagcdn.com/w320/tz.png
Algeria,DZ,".dz, الجزائر.",DZD,Algerian dinar,د.ج,Algiers,+213,Africa,Northern Africa,Arabic,https://flagcdn.com/w320/dz.png
Mauritania,MR,.mr,MRU,Mauritanian ouguiya,UM,Nouakchott,+222,Africa,Western Africa,Arabic,https://flagcdn.com/w320/mr.png
Sudan,SD,.sd,SDG,Sudanese pound,ج.س,Khartoum,+249,Africa,Northern Africa,"Arabic, English",https://flagcdn.com/w320/sd.png
Western Sahara,EH,.eh,"DZD, MAD, MRU","Algerian dinar, Moroccan dirham, Mauritanian ouguiya","دج, DH, UM",El Aaiún,+2125288125289,Africa,Northern Africa,"Berber, Hassaniya, Spanish",https://flagcdn.com/w320/eh.png
Angola,AO,.ao,AOA,Angolan kwanza,Kz,Luanda,+244,Africa,Middle Africa,Portuguese,https://flagcdn.com/w320/ao.png
Ivory Coast,CI,.ci,XOF,West African CFA franc,Fr,Yamoussoukro,+225,Africa,Western Africa,French,https://flagcdn.com/w320/ci.png
Tunisia,TN,.tn,TND,Tunisian dinar,د.ت,Tunis,+216,Africa,Northern Africa,Arabic,https://flagcdn.com/w320/tn.png
Mali,ML,.ml,XOF,West African CFA franc,Fr,Bamako,+223,Africa,Western Africa,French,https://flagcdn.com/w320/ml.png
Benin,BJ,.bj,XOF,West African CFA franc,Fr,Porto-Novo,+229,Africa,Western Africa,French,https://flagcdn.com/w320/bj.png
Cape Verde,CV,.cv,CVE,Cape Verdean escudo,Esc,Praia,+238,Africa,Western Africa,Portuguese,https://flagcdn.com/w320/cv.png
Equatorial Guinea,GQ,.gq,XAF,Central African CFA franc,Fr,Malabo,+240,Africa,Middle Africa,"French, Portuguese, Spanish",https://flagcdn.com/w320/gq.png
Uganda,UG,.ug,UGX,Ugandan shilling,Sh,Kampala,+256,Africa,Eastern Africa,"English, Swahili",https://flagcdn.com/w320/ug.png
Botswana,BW,.bw,BWP,Botswana pula,P,Gaborone,+267,Africa,Southern Africa,"English, Tswana",https://flagcdn.com/w320/bw.png
Burundi,BI,.bi,BIF,Burundian franc,Fr,Gitega,+257,Africa,Eastern Africa,"French, Kirundi",https://flagcdn.com/w320/bi.png
South Africa,ZA,.za,ZAR,South African rand,R,"Pretoria, Bloemfontein, Cape Town",+27,Africa,Southern Africa,"Afrikaans, English, Southern Ndebele, Northern Sotho, Southern Sotho, Swazi, Tswana, Tsonga, Venda, Xhosa, Zulu",https://flagcdn.com/w320/za.png
Libya,LY,.ly,LYD,Libyan dinar,ل.د,Tripoli,+218,Africa,Northern Africa,Arabic,https://flagcdn.com/w320/ly.png
Mayotte,YT,.yt,EUR,Euro,€,Mamoudzou,+262,Africa,Eastern Africa,French,https://flagcdn.com/w320/yt.png
Gabon,GA,.ga,XAF,Central African CFA franc,Fr,Libreville,+241,Africa,Middle Africa,French,https://flagcdn.com/w320/ga.png
Cameroon,CM,.cm,XAF,Central African CFA franc,Fr,Yaoundé,+237,Africa,Middle Africa,"English, French",https://flagcdn.com/w320/cm.png
Guinea,GN,.gn,GNF,Guinean franc,Fr,Conakry,+224,Africa,Western Africa,French,https://flagcdn.com/w320/gn.png
Seychelles,SC,.sc,SCR,Seychellois rupee,₨,Victoria,+248,Africa,Eastern Africa,"Seychellois Creole, English, French",https://flagcdn.com/w320/sc.png
British Indian Ocean Territory,IO,.io,USD,United States dollar,$,Diego Garcia,+246,Africa,Eastern Africa,English,https://flagcdn.com/w320/io.png
Madagascar,MG,.mg,MGA,Malagasy ariary,Ar,Antananarivo,+261,Africa,Eastern Africa,"French, Malagasy",https://flagcdn.com/w320/mg.png
DR Congo,CD,.cd,CDF,Congolese franc,FC,Kinshasa,+243,Africa,Middle Africa,"French, Kikongo, Lingala, Tshiluba, Swahili",https://flagcdn.com/w320/cd.png
Gambia,GM,.gm,GMD,dalasi,D,Banjul,+220,Africa,Western Africa,English,https://flagcdn.com/w320/gm.png
Somalia,SO,.so,SOS,Somali shilling,Sh,Mogadishu,+252,Africa,Eastern Africa,"Arabic, Somali",https://flagcdn.com/w320/so.png
Nigeria,NG,.ng,NGN,Nigerian naira,₦,Abuja,+234,Africa,Western Africa,English,https://flagcdn.com/w320/ng.png
South Sudan,SS,.ss,SSP,South Sudanese pound,£,Juba,+211,Africa,Middle Africa,English,https://flagcdn.com/w320/ss.png
Eswatini,SZ,.sz,"SZL, ZAR","Swazi lilangeni, South African rand","L, R",Mbabane,+268,Africa,Southern Africa,"English, Swazi",https://flagcdn.com/w320/sz.png
Egypt,EG,".eg, .مصر",EGP,Egyptian pound,£,Cairo,+20,Africa,Northern Africa,Arabic,https://flagcdn.com/w320/eg.png
"Saint Helena, Ascension and Tristan da Cunha",SH,".sh, .ac","GBP, SHP","Pound sterling, Saint Helena pound","£, £",Jamestown,+29047,Africa,Western Africa,English,https://flagcdn.com/w320/sh.png
Senegal,SN,.sn,XOF,West African CFA franc,Fr,Dakar,+221,Africa,Western Africa,French,https://flagcdn.com/w320/sn.png
Togo,TG,.tg,XOF,West African CFA franc,Fr,Lomé,+228,Africa,Western Africa,French,https://flagcdn.com/w320/tg.png
Kenya,KE,.ke,KES,Kenyan shilling,Sh,Nairobi,+254,Africa,Eastern Africa,"English, Swahili",https://flagcdn.com/w320/ke.png
Rwanda,RW,.rw,RWF,Rwandan franc,Fr,Kigali,+250,Africa,Eastern Africa,"English, French, Kinyarwanda",https://flagcdn.com/w320/rw.png
Namibia,NA,.na,"NAD, ZAR","Namibian dollar, South African rand","$, R",Windhoek,+264,Africa,Southern Africa,"Afrikaans, German, English, Herero, Khoekhoe, Kwangali, Lozi, Ndonga, Tswana",https://flagcdn.com/w320/na.png
Liberia,LR,.lr,LRD,Liberian dollar,$,Monrovia,+231,Africa,Western Africa,English,https://flagcdn.com/w320/lr.png
Zambia,ZM,.zm,ZMW,Zambian kwacha,ZK,Lusaka,+260,Africa,Eastern Africa,English,https://flagcdn.com/w320/zm.png
Niger,NE,.ne,XOF,West African CFA franc,Fr,Niamey,+227,Africa,Western Africa,French,https://flagcdn.com/w320/ne.png
Comoros,KM,.km,KMF,Comorian franc,Fr,Moroni,+269,Africa,Eastern Africa,"Arabic, French, Comorian",https://flagcdn.com/w320/km.png
Guinea-Bissau,GW,.gw,XOF,West African CFA franc,Fr,Bissau,+245,Africa,Western Africa,"Portuguese, Upper Guinea Creole",https://flagcdn.com/w320/gw.png
Ghana,GH,.gh,GHS,Ghanaian cedi,₵,Accra,+233,Africa,Western Africa,English,https://flagcdn.com/w320/gh.png
Chad,TD,.td,XAF,Central African CFA franc,Fr,N'Djamena,+235,Africa,Middle Africa,"Arabic, French",https://flagcdn.com/w320/td.png
Zimbabwe,ZW,.zw,ZWL,Zimbabwean dollar,$,Harare,+263,Africa,Southern Africa,"Chibarwe, English, Kalanga, Khoisan, Ndau, Northern Ndebele, Chewa, Shona, Sotho, Tonga, Tswana, Tsonga, Venda, Xhosa, Zimbabwean Sign Language",https://flagcdn.com/w320/zw.png
Réunion,RE,.re,EUR,Euro,€,Saint-Denis,+262,Africa,Eastern Africa,French,https://flagcdn.com/w320/re.png
São Tomé and Príncipe,ST,.st,STN,São Tomé and Príncipe dobra,Db,São Tomé,+239,Africa,Middle Africa,Portuguese,https://flagcdn.com/w320/st.png
Malawi,MW,.mw,MWK,Malawian kwacha,MK,Lilongwe,+265,Africa,Eastern Africa,"English, Chewa",https://flagcdn.com/w320/mw.png
Ethiopia,ET,.et,ETB,Ethiopian birr,Br,Addis Ababa,+251,Africa,Eastern Africa,Amharic,https://flagcdn.com/w320/et.png
Republic of the Congo,CG,.cg,XAF,Central African CFA franc,Fr,Brazzaville,+242,Africa,Middle Africa,"French, Kikongo, Lingala",https://flagcdn.com/w320/cg.png
Djibouti,DJ,.dj,DJF,Djiboutian franc,Fr,Djibouti,+253,Africa,Eastern Africa,"Arabic, French",https://flagcdn.com/w320/dj.png
Mauritius,MU,.mu,MUR,Mauritian rupee,₨,Port Louis,+230,Africa,Eastern Africa,"English, French, Mauritian Creole",https://flagcdn.com/w320/mu.png
Mozambique,MZ,.mz,MZN,Mozambican metical,MT,Maputo,+258,Africa,Eastern Africa,Portuguese,https://flagcdn.com/w320/mz.png
South Korea,KR,".kr, .한국",KRW,South Korean won,₩,Seoul,+82,Asia,Eastern Asia,Korean,https://flagcdn.com/w320/kr.png
Taiwan,TW,".tw, .台灣, .台湾",TWD,New Taiwan dollar,$,Taipei,+886,Asia,Eastern Asia,Chinese,https://flagcdn.com/w320/tw.png
Jordan,JO,".jo, الاردن.",JOD,Jordanian dinar,د.ا,Amman,+962,Asia,Western Asia,Arabic,https://flagcdn.com/w320/jo.png
Nepal,NP,.np,NPR,Nepalese rupee,₨,Kathmandu,+977,Asia,Southern Asia,Nepali,https://flagcdn.com/w320/np.png
Thailand,TH,".th, .ไทย",THB,Thai baht,฿,Bangkok,+66,Asia,South-Eastern Asia,Thai,https://flagcdn.com/w320/th.png
Kazakhstan,KZ,".kz, .қаз",KZT,Kazakhstani tenge,₸,Nur-Sultan,+767,Asia,Central Asia,"Kazakh, Russian",https://flagcdn.com/w320/kz.png
Georgia,GE,.ge,GEL,lari,₾,Tbilisi,+995,Asia,Western Asia,Georgian,https://flagcdn.com/w320/ge.png
Pakistan,PK,.pk,PKR,Pakistani rupee,₨,Islamabad,+92,Asia,Southern Asia,"English, Urdu",https://flagcdn.com/w320/pk.png
Armenia,AM,.am,AMD,Armenian dram,֏,Yerevan,+374,Asia,Western Asia,Armenian,https://flagcdn.com/w320/am.png
Indonesia,ID,.id,IDR,Indonesian rupiah,Rp,Jakarta,+62,Asia,South-Eastern Asia,Indonesian,https://flagcdn.com/w320/id.png
Japan,JP,".jp, .みんな",JPY,Japanese yen,¥,Tokyo,+81,Asia,Eastern Asia,Japanese,https://flagcdn.com/w320/jp.png
Laos,LA,.la,LAK,Lao kip,₭,Vientiane,+856,Asia,South-Eastern Asia,Lao,https://flagcdn.com/w320/la.png
Lebanon,LB,.lb,LBP,Lebanese pound,ل.ل,Beirut,+961,Asia,Western Asia,"Arabic, French",https://flagcdn.com/w320/lb.png
Philippines,PH,.ph,PHP,Philippine peso,₱,Manila,+63,Asia,South-Eastern Asia,"English, Filipino",https://flagcdn.com/w320/ph.png
Bahrain,BH,.bh,BHD,Bahraini dinar,.د.ب,Manama,+973,Asia,Western Asia,Arabic,https://flagcdn.com/w320/bh.png
Qatar,QA,".qa, قطر.",QAR,Qatari riyal,ر.ق,Doha,+974,Asia,Western Asia,Arabic,https://flagcdn.com/w320/qa.png
Tajikistan,TJ,.tj,TJS,Tajikistani somoni,ЅМ,Dushanbe,+992,Asia,Central Asia,"Russian, Tajik",https://flagcdn.com/w320/tj.png
China,CN,".cn, .中国, .中國, .公司, .网络",CNY,Chinese yuan,¥,Beijing,+86,Asia,Eastern Asia,Chinese,https://flagcdn.com/w320/cn.png
Yemen,YE,.ye,YER,Yemeni rial,﷼,Sana'a,+967,Asia,Western Asia,Arabic,https://flagcdn.com/w320/ye.png
India,IN,.in,INR,Indian rupee,₹,New Delhi,+91,Asia,Southern Asia,"English, Hindi, Tamil",https://flagcdn.com/w320/in.png
Kuwait,KW,.kw,KWD,Kuwaiti dinar,د.ك,Kuwait City,+965,Asia,Western Asia,Arabic,https://flagcdn.com/w320/kw.png
Syria,SY,".sy, سوريا.",SYP,Syrian pound,£,Damascus,+963,Asia,Western Asia,Arabic,https://flagcdn.com/w320/sy.png
Maldives,MV,.mv,MVR,Maldivian rufiyaa,.ރ,Malé,+960,Asia,Southern Asia,Maldivian,https://flagcdn.com/w320/mv.png
Uzbekistan,UZ,.uz,UZS,Uzbekistani soʻm,so'm,Tashkent,+998,Asia,Central Asia,"Russian, Uzbek",https://flagcdn.com/w320/uz.png
Iran,IR,".ir, ایران.",IRR,Iranian rial,﷼,Tehran,+98,Asia,Southern Asia,Persian (Farsi),https://flagcdn.com/w320/ir.png
Myanmar,MM,.mm,MMK,Burmese kyat,Ks,Naypyidaw,+95,Asia,South-Eastern Asia,Burmese,https://flagcdn.com/w320/mm.png
Sri Lanka,LK,".lk, .இலங்கை, .ලංකා",LKR,Sri Lankan rupee,Rs  රු,Sri Jayawardenepura Kotte,+94,Asia,Southern Asia,"Sinhala, Tamil",https://flagcdn.com/w320/lk.png
Bhutan,BT,.bt,"BTN, INR","Bhutanese ngultrum, Indian rupee","Nu., ₹",Thimphu,+975,Asia,Southern Asia,Dzongkha,https://flagcdn.com/w320/bt.png
Palestine,PS,".ps, فلسطين.","EGP, ILS, JOD","Egyptian pound, Israeli new shekel, Jordanian dinar","E£, ₪, JD","Ramallah, Jerusalem",+970,Asia,Western Asia,Arabic,https://flagcdn.com/w320/ps.png
Bangladesh,BD,.bd,BDT,Bangladeshi taka,৳,Dhaka,+880,Asia,Southern Asia,Bengali,https://flagcdn.com/w320/bd.png
Singapore,SG,".sg, .新加坡, .சிங்கப்பூர்",SGD,Singapore dollar,$,Singapore,+65,Asia,South-Eastern Asia,"English, Chinese, Malay, Tamil",https://flagcdn.com/w320/sg.png
Turkey,TR,.tr,TRY,Turkish lira,₺,Ankara,+90,Asia,Western Asia,Turkish,https://flagcdn.com/w320/tr.png
United Arab Emirates,AE,".ae, امارات.",AED,United Arab Emirates dirham,د.إ,Abu Dhabi,+971,Asia,Western Asia,Arabic,https://flagcdn.com/w320/ae.png
Afghanistan,AF,.af,AFN,Afghan afghani,؋,Kabul,+93,Asia,Southern Asia,"Dari, Pashto, Turkmen",https://upload.wikimedia.org/wikipedia/commons/thumb/5/5c/Flag_of_the_Taliban.svg/320px-Flag_of_the_Taliban.svg.png
Timor-Leste,TL,.tl,USD,United States dollar,$,Dili,+670,Asia,South-Eastern Asia,"Portuguese, Tetum",https://flagcdn.com/w320/tl.png
Vietnam,VN,.vn,VND,Vietnamese đồng,₫,Hanoi,+84,Asia,South-Eastern Asia,Vietnamese,https://flagcdn.com/w320/vn.png
Cambodia,KH,.kh,"KHR, USD","Cambodian riel, United States dollar","៛, $",Phnom Penh,+855,Asia,South-Eastern Asia,Khmer,https://flagcdn.com/w320/kh.png
Iraq,IQ,.iq,IQD,Iraqi dinar,ع.د,Baghdad,+964,Asia,Western Asia,"Arabic, Aramaic, Sorani",https://flagcdn.com/w320/iq.png
Brunei,BN,.bn,"BND, SGD","Brunei dollar, Singapore dollar","$, $",Bandar Seri Begawan,+673,Asia,South-Eastern Asia,Malay,https://flagcdn.com/w320/bn.png
Kyrgyzstan,KG,.kg,KGS,Kyrgyzstani som,с,Bishkek,+996,Asia,Central Asia,"Kyrgyz, Russian",https://flagcdn.com/w320/kg.png
Azerbaijan,AZ,.az,AZN,Azerbaijani manat,₼,Baku,+994,Asia,Western Asia,Azerbaijani,https://flagcdn.com/w320/az.png
Hong Kong,HK,".hk, .香港",HKD,Hong Kong dollar,$,City of Victoria,+852,Asia,Eastern Asia,"English, Chinese",https://flagcdn.com/w320/hk.png
Malaysia,MY,.my,MYR,Malaysian ringgit,RM,Kuala Lumpur,+60,Asia,South-Eastern Asia,"English, Malay",https://flagcdn.com/w320/my.png
Mongolia,MN,.mn,MNT,Mongolian tögrög,₮,Ulan Bator,+976,Asia,Eastern Asia,Mongolian,https://flagcdn.com/w320/mn.png
Saudi Arabia,SA,".sa, .السعودية",SAR,Saudi riyal,ر.س,Riyadh,+966,Asia,Western Asia,Arabic,https://flagcdn.com/w320/sa.png
Turkmenistan,TM,.tm,TMT,Turkmenistan manat,m,Ashgabat,+993,Asia,Central Asia,"Russian, Turkmen",https://flagcdn.com/w320/tm.png
North Korea,KP,.kp,KPW,North Korean won,₩,Pyongyang,+850,Asia,Eastern Asia,Korean,https://flagcdn.com/w320/kp.png
Israel,IL,.il,ILS,Israeli new shekel,₪,Jerusalem,+972,Asia,Western Asia,"Arabic, Hebrew",https://flagcdn.com/w320/il.png
Oman,OM,.om,OMR,Omani rial,ر.ع.,Muscat,+968,Asia,Western Asia,Arabic,https://flagcdn.com/w320/om.png
Macau,MO,.mo,MOP,Macanese pataca,P,,+853,Asia,Eastern Asia,"Portuguese, Chinese",https://flagcdn.com/w320/mo.png
New Caledonia,NC,.nc,XPF,CFP franc,₣,Nouméa,+687,Oceania,Melanesia,French,https://flagcdn.com/w320/nc.png
Solomon Islands,SB,.sb,SBD,Solomon Islands dollar,$,Honiara,+677,Oceania,Melanesia,English,https://flagcdn.com/w320/sb.png
Marshall Islands,MH,.mh,USD,United States dollar,$,Majuro,+692,Oceania,Micronesia,"English, Marshallese",https://flagcdn.com/w320/mh.png
Vanuatu,VU,.vu,VUV,Vanuatu vatu,Vt,Port Vila,+678,Oceania,Melanesia,"Bislama, English, French",https://flagcdn.com/w320/vu.png
Niue,NU,.nu,NZD,New Zealand dollar,$,Alofi,+683,Oceania,Polynesia,"English, Niuean",https://flagcdn.com/w320/nu.png
Nauru,NR,.nr,AUD,Australian dollar,$,Yaren,+674,Oceania,Micronesia,"English, Nauru",https://flagcdn.com/w320/nr.png
Cocos (Keeling) Islands,CC,.cc,AUD,Australian dollar,$,West Island,+61,Oceania,Australia and New Zealand,English,https://flagcdn.com/w320/cc.png
Fiji,FJ,.fj,FJD,Fijian dollar,$,Suva,+679,Oceania,Melanesia,"English, Fijian, Fiji Hindi",https://flagcdn.com/w320/fj.png
Wallis and Futuna,WF,.wf,XPF,CFP franc,₣,Mata-Utu,+681,Oceania,Polynesia,French,https://flagcdn.com/w320/wf.png
Cook Islands,CK,.ck,"CKD, NZD","Cook Islands dollar, New Zealand dollar","$, $",Avarua,+682,Oceania,Polynesia,"English, Cook Islands Māori",https://flagcdn.com/w320/ck.png
Australia,AU,.au,AUD,Australian dollar,$,Canberra,+61,Oceania,Australia and New Zealand,English,https://flagcdn.com/w320/au.png
Tuvalu,TV,.tv,"AUD, TVD","Australian dollar, Tuvaluan dollar","$, $",Funafuti,+688,Oceania,Polynesia,"English, Tuvaluan",https://flagcdn.com/w320/tv.png
Pitcairn Islands,PN,.pn,NZD,New Zealand dollar,$,Adamstown,+64,Oceania,Polynesia,English,https://flagcdn.com/w320/pn.png
Christmas Island,CX,.cx,AUD,Australian dollar,$,Flying Fish Cove,+61,Oceania,Australia and New Zealand,English,https://flagcdn.com/w320/cx.png
Guam,GU,.gu,USD,United States dollar,$,Hagåtña,+1671,Oceania,Micronesia,"Chamorro, English, Spanish",https://flagcdn.com/w320/gu.png
Tonga,TO,.to,TOP,Tongan paʻanga,T$,Nuku'alofa,+676,Oceania,Polynesia,"English, Tongan",https://flagcdn.com/w320/to.png
Tokelau,TK,.tk,NZD,New Zealand dollar,$,Fakaofo,+690,Oceania,Polynesia,"English, Samoan, Tokelauan",https://flagcdn.com/w320/tk.png
Samoa,WS,.ws,WST,Samoan tālā,T,Apia,+685,Oceania,Polynesia,"English, Samoan",https://flagcdn.com/w320/ws.png
Kiribati,KI,.ki,"AUD, KID","Australian dollar, Kiribati dollar","$, $",South Tarawa,+686,Oceania,Micronesia,"English, Gilbertese",https://flagcdn.com/w320/ki.png
French Polynesia,PF,.pf,XPF,CFP franc,₣,Papeetē,+689,Oceania,Polynesia,French,https://flagcdn.com/w320/pf.png
Papua New Guinea,PG,.pg,PGK,Papua New Guinean kina,K,Port Moresby,+675,Oceania,Melanesia,"English, Hiri Motu, Tok Pisin",https://flagcdn.com/w320/pg.png
Palau,PW,.pw,USD,United States dollar,$,Ngerulmud,+680,Oceania,Micronesia,"English, Palauan",https://flagcdn.com/w320/pw.png
American Samoa,AS,.as,USD,United States dollar,$,Pago Pago,+1684,Oceania,Polynesia,"English, Samoan",https://flagcdn.com/w320/as.png
Northern Mariana Islands,MP,.mp,USD,United States dollar,$,Saipan,+1670,Oceania,Micronesia,"Carolinian, Chamorro, English",https://flagcdn.com/w320/mp.png
Norfolk Island,NF,.nf,AUD,Australian dollar,$,Kingston,+672,Oceania,Australia and New Zealand,"English, Norfuk",https://flagcdn.com/w320/nf.png
New Zealand,NZ,.nz,NZD,New Zealand dollar,$,Wellington,+64,Oceania,Australia and New Zealand,"English, Māori, New Zealand Sign Language",https://flagcdn.com/w320/nz.png
Micronesia,FM,.fm,USD,United States dollar,$,Palikir,+691,Oceania,Micronesia,English,https://flagcdn.com/w320/fm.png
Canada,CA,.ca,CAD,Canadian dollar,$,Ottawa,+1,North America,North America,North America,"English, French",https://flagcdn.com/w320/ca.png
Bermuda,BM,.bm,BMD,Bermudian dollar,$,Hamilton,+1441,North America,North America,North America,English,https://flagcdn.com/w320/bm.png
Greenland,GL,.gl,DKK,krone,kr.,Nuuk,+299,North America,North America,North America,Greenlandic,https://flagcdn.com/w320/gl.png
United States Minor Outlying Islands,UM,.us,USD,United States dollar,$,Washington DC,+268,North America,North America,North America,English,https://flagcdn.com/w320/um.png
United States,US,.us,USD,United States dollar,$,"Washington, D.C.","1201, +1202, +1203, +1205, +1206, +1207, +1208, +1209, +1210, +1212, +1213, +1214, +1215, +1216, +1217, +1218, +1219, +1220, +1224, +1225, +1227, +1228, +1229, +1231, +1234, +1239, +1240, +1248, +1251, +1252, +1253, +1254, +1256, +1260, +1262, +1267, +1269, +1270, +1272, +1274, +1276, +1281, +1283, +1301, +1302, +1303, +1304, +1305, +1307, +1308, +1309, +1310, +1312, +1313, +1314, +1315, +1316, +1317, +1318, +1319, +1320, +1321, +1323, +1325, +1327, +1330, +1331, +1334, +1336, +1337, +1339, +1346, +1347, +1351, +1352, +1360, +1361, +1364, +1380, +1385, +1386, +1401, +1402, +1404, +1405, +1406, +1407, +1408, +1409, +1410, +1412, +1413, +1414, +1415, +1417, +1419, +1423, +1424, +1425, +1430, +1432, +1434, +1435, +1440, +1442, +1443, +1447, +1458, +1463, +1464, +1469, +1470, +1475, +1478, +1479, +1480, +1484, +1501, +1502, +1503, +1504, +1505, +1507, +1508, +1509, +1510, +1512, +1513, +1515, +1516, +1517, +1518, +1520, +1530, +1531, +1534, +1539, +1540, +1541, +1551, +1559, +1561, +1562, +1563, +1564, +1567, +1570, +1571, +1573, +1574, +1575, +1580, +1585, +1586, +1601, +1602, +1603, +1605, +1606, +1607, +1608, +1609, +1610, +1612, +1614, +1615, +1616, +1617, +1618, +1619, +1620, +1623, +1626, +1628, +1629, +1630, +1631, +1636, +1641, +1646, +1650, +1651, +1657, +1660, +1661, +1662, +1667, +1669, +1678, +1681, +1682, +1701, +1702, +1703, +1704, +1706, +1707, +1708, +1712, +1713, +1714, +1715, +1716, +1717, +1718, +1719, +1720, +1724, +1725, +1727, +1730, +1731, +1732, +1734, +1737, +1740, +1743, +1747, +1754, +1757, +1760, +1762, +1763, +1765, +1769, +1770, +1772, +1773, +1774, +1775, +1779, +1781, +1785, +1786, +1801, +1802, +1803, +1804, +1805, +1806, +1808, +1810, +1812, +1813, +1814, +1815, +1816, +1817, +1818, +1828, +1830, +1831, +1832, +1843, +1845, +1847, +1848, +1850, +1854, +1856, +1857, +1858, +1859, +1860, +1862, +1863, +1864, +1865, +1870, +1872, +1878, +1901, +1903, +1904, +1906, +1907, +1908, +1909, +1910, +1912, +1913, +1914, +1915, +1916, +1917, +1918, +1919, +1920, +1925, +1928, +1929, +1930, +1931, +1934, +1936, +1937, +1938, +1940, +1941, +1947, +1949, +1951, +1952, +1954, +1956, +1959, +1970, +1971, +1972, +1973, +1975, +1978, +1979, +1980, +1984, +1985, +1989",North America,North America,North America,English,https://flagcdn.com/w320/us.png
Saint Pierre and Miquelon,PM,.pm,EUR,Euro,€,Saint-Pierre,+508,North America,North America,North America,French,https://flagcdn.com/w320/pm.png
Mexico,MX,.mx,MXN,Mexican peso,$,Mexico City,+52,North America,North America,North America,Spanish,https://flagcdn.com/w320/mx.png
Colombia,CO,.co,COP,Colombian peso,$,Bogotá,+57,South America,South America,Spanish,https://flagcdn.com/w320/co.png
French Guiana,GF,.gf,EUR,Euro,€,Cayenne,+594,South America,South America,French,https://flagcdn.com/w320/gf.png
Falkland Islands,FK,.fk,FKP,Falkland Islands pound,£,Stanley,+500,South America,South America,English,https://flagcdn.com/w320/fk.png
Uruguay,UY,.uy,UYU,Uruguayan peso,$,Montevideo,+598,South America,South America,Spanish,https://flagcdn.com/w320/uy.png
Paraguay,PY,.py,PYG,Paraguayan guaraní,₲,Asunción,+595,South America,South America,"Guaraní, Spanish",https://flagcdn.com/w320/py.png
Bolivia,BO,.bo,BOB,Bolivian boliviano,Bs.,Sucre,+591,South America,South America,"Aymara, Guaraní, Quechua, Spanish",https://flagcdn.com/w320/bo.png
Chile,CL,.cl,CLP,Chilean peso,$,Santiago,+56,South America,South America,Spanish,https://flagcdn.com/w320/cl.png
Brazil,BR,.br,BRL,Brazilian real,R$,Brasília,+55,South America,South America,Portuguese,https://flagcdn.com/w320/br.png
Argentina,AR,.ar,ARS,Argentine peso,$,Buenos Aires,+54,South America,South America,"Guaraní, Spanish",https://flagcdn.com/w320/ar.png
Venezuela,VE,.ve,VES,Venezuelan bolívar soberano,Bs.S.,Caracas,+58,South America,South America,Spanish,https://flagcdn.com/w320/ve.png
Peru,PE,.pe,PEN,Peruvian sol,S/,Lima,+51,South America,South America,"Aymara, Quechua, Spanish",https://flagcdn.com/w320/pe.png
Guyana,GY,.gy,GYD,Guyanese dollar,$,Georgetown,+592,South America,South America,English,https://flagcdn.com/w320/gy.png
Ecuador,EC,.ec,USD,United States dollar,$,Quito,+593,South America,South America,Spanish,https://flagcdn.com/w320/ec.png
Suriname,SR,.sr,SRD,Surinamese dollar,$,Paramaribo,+597,South America,South America,Dutch,https://flagcdn.com/w320/sr.png